id,max_leaf_nodes,Val_score,Train_score,train_time(sec)
1.0,2.0,0.791,0.778,0.002
2.0,12.0,0.922,0.904,0.003001
3.0,22.0,0.926,0.93,0.003001
4.0,32.0,0.923,0.934,0.003001
5.0,42.0,0.923,0.939,0.002999
6.0,52.0,0.923,0.939,0.003001
7.0,62.0,0.923,0.939,0.003001
