id,min_impurity_decrease,Val_score,Train_score,train_time(sec)
1.0,0.0,0.961,0.957,0.003002
2.0,1.0,0.5,0.5,0.003001
3.0,2.0,0.5,0.5,0.003001
4.0,3.0,0.5,0.5,0.002
5.0,4.0,0.5,0.5,0.002001
6.0,5.0,0.5,0.5,0.003001
