id,min_impurity_decrease,Val_score,Train_score,train_time(sec),Test_score
1.0,0.0,0.961,0.956,0.004001,0.931
2.0,1.0,0.5,0.5,0.003001,0.5
3.0,2.0,0.5,0.5,0.003,0.5
4.0,3.0,0.5,0.5,0.002,0.5
5.0,4.0,0.5,0.5,0.002,0.5
6.0,5.0,0.5,0.5,0.002995,0.5
