id,min_samples_split,Val_score,Train_score,train_time(sec),Test_score
1.0,2.0,0.932,0.968,0.004001,0.891
2.0,3.0,0.927,0.974,0.003001,0.894
3.0,4.0,0.938,0.971,0.003001,0.903
4.0,5.0,0.938,0.968,0.003001,0.897
5.0,6.0,0.917,0.946,0.003001,0.881
6.0,7.0,0.919,0.952,0.003001,0.892
7.0,8.0,0.931,0.949,0.004001,0.896
8.0,9.0,0.931,0.949,0.003001,0.896
9.0,10.0,0.931,0.949,0.003001,0.896
10.0,11.0,0.92,0.939,0.004001,0.893
11.0,12.0,0.92,0.939,0.003,0.893
