id,min_samples_split,Val_score,Train_score,train_time(sec)
1.0,2.0,0.932,0.968,0.003001
2.0,3.0,0.927,0.974,0.003
3.0,4.0,0.938,0.971,0.004001
4.0,5.0,0.938,0.968,0.003001
5.0,6.0,0.917,0.946,0.003
6.0,7.0,0.919,0.952,0.003
7.0,8.0,0.931,0.949,0.003001
8.0,9.0,0.931,0.949,0.003002
