id,min_samples_split,Val_score,Train_score,train_time(sec),Test_score
1.0,2.0,0.932,0.968,0.00299,0.891
2.0,3.0,0.927,0.974,0.003991,0.894
3.0,4.0,0.938,0.971,0.002991,0.903
4.0,5.0,0.938,0.968,0.003013,0.897
5.0,6.0,0.917,0.946,0.003963,0.881
6.0,7.0,0.919,0.952,0.003011,0.892
7.0,8.0,0.931,0.949,0.003,0.896
8.0,9.0,0.931,0.949,0.003251,0.896
